id,codigo,nombre,descripcion,fob,pArancelaria,ancho,alto,profundidad,peso,pais
0,PM404,Porta Minas 2h,Porta minas x300u,78.449997,0,600.000000,600.000000,600.000000,10000.000000,RT
1,PTR450,Punteros 30cm,x100 unidades,65.430000,0,5.000000,5.000000,2.000000,1.470000,CHINA
2,AS400,Aspiradora robot,Aspiradora robot bosch,100.300003,0,50.000000,50.000000,50.000000,3.000000,FRANCIA
3,BC2345,Boya colorida,Pack 3u,15.400000,0,10.000000,15.000000,5.000000,0.400000,Uruguay
