metrosCubicos,valor
80.000000,30000.000000
