metrosCubicos,valor
65.000000,10000.000000
